{"chinese": {"match": [6.619160000002012, 5.299405600002501, 8.204268499976024, 4.971250399947166], "opposite": [15.752470099949278, 17.61980240000412, 10.675824699981604, 15.621158699970692], "meaningless": [8.074634000018705, 10.337559399951715, 9.518883100012317, 12.926744700002018]}, "english": {"match": [7.9535694000078365, 7.5766944999923, 8.857914399995934, 9.835259899962693], "opposite": [9.4801781999995, 12.033359299995936, 17.701304499991238, 9.829830700007733], "meaningless": [8.819809899956454, 10.046440000005532, 12.293972600018606, 10.89110869995784]}}