{"chinese": {"match": 6.273521, "opposite": 14.917314, "meaningless": 10.214455}, "english": {"match": 8.55586, "opposite": 12.261168, "meaningless": 10.512833}}