{"chinese": {"match": [5.479931800044142, 6.603192000009585, 8.480434100027196, 6.598619700002018], "opposite": [12.652215700014494, 7.857721400039736, 9.849636899947654, 11.090237299969885], "meaningless": [6.6035288000130095, 6.35125710000284, 7.120721900020726, 8.210835499980021]}, "english": {"match": [6.446527100051753, 6.061375499994028, 6.526975199987646, 6.446780900005251], "opposite": [9.579145900032017, 8.939343399950303, 8.278583300008904, 6.987768799997866], "meaningless": [7.280748999968637, 6.892493600025773, 6.166210499999579, 6.543967699981295]}}