{"chinese": {"match": 6.790544, "opposite": 10.362453, "meaningless": 7.071586}, "english": {"match": 6.370415, "opposite": 8.44621, "meaningless": 6.720855}}