{"chinese": {"match": 4.739919, "opposite": 10.311285, "meaningless": 7.824592}, "english": {"match": 8.86887, "opposite": 9.117579, "meaningless": 7.512917}}