{"chinese": {"match": [5.589807900018059, 4.574224399984814, 4.681119500019122, 4.1145256999880075], "opposite": [10.112715499999467, 9.454657200025395, 11.143430399999488, 10.534335200034548], "meaningless": [8.047598499979358, 6.763009599992074, 9.224365599977318, 7.263392799999565]}, "english": {"match": [9.874354500032496, 7.8601774999988265, 10.259289300011005, 7.481657499971334], "opposite": [10.86119059997145, 7.8144890000112355, 8.061906900024042, 9.732728499977384], "meaningless": [7.521970099944156, 8.826256299973466, 7.27068140002666, 6.432761800009757]}}