{"chinese": {"match": 7.964286, "opposite": 18.067123, "meaningless": 11.288768}, "english": {"match": 12.568296, "opposite": 17.02605, "meaningless": 12.121199}}