{"chinese": {"match": [8.96805189998122, 9.130943699972704, 7.327742900000885, 6.430405499995686], "opposite": [20.376804600004107, 14.524651799991261, 13.218521800008602, 24.148511999985203], "meaningless": [10.885624899994582, 13.312627799983602, 11.132367800048087, 9.824451500026044]}, "english": {"match": [11.982244100014213, 9.904972699994687, 13.884950000036042, 14.501019100018311], "opposite": [15.488028699997813, 16.2799842999666, 16.304431099968497, 20.03175599995302], "meaningless": [9.95127209997736, 14.45595690002665, 12.802883600001223, 11.274683800002094]}}