{"chinese": {"match": 6.508526, "opposite": 13.496019, "meaningless": 7.131499}, "english": {"match": 5.55761, "opposite": 12.192404, "meaningless": 7.639957}}