{"chinese": {"match": [5.590158400009386, 6.653027400025167, 5.88809860002948, 7.902820400020573], "opposite": [13.557126200001221, 12.460486500000115, 15.06600549997529, 12.900455900002271], "meaningless": [6.258954700024333, 6.945530899974983, 8.449025299982168, 6.872485300002154]}, "english": {"match": [5.188533700013068, 6.900450200017076, 5.02876939997077, 5.112686800013762], "opposite": [10.118713599978946, 9.64045420003822, 16.861852400004864, 12.148597300052643], "meaningless": [6.42893950000871, 8.39887400000589, 8.17118639999535, 7.560827899957076]}}