{"chinese": {"match": 6.811903, "opposite": 10.273662, "meaningless": 8.119094}, "english": {"match": 8.420538, "opposite": 9.359864, "meaningless": 9.080114}}