{"chinese": {"match": [6.851551699975971, 7.150179299991578, 6.118880999973044, 7.127001599990763], "opposite": [13.140282100008335, 9.324600299994927, 10.230944300012197, 8.398821900016628], "meaningless": [8.372988400049508, 8.18543829995906, 8.905656899965834, 7.012291799997911]}, "english": {"match": [8.226626200019382, 8.411835400038399, 8.675156599958427, 8.36853490001522], "opposite": [9.502086699998472, 8.704265200009104, 8.910281699965708, 10.322823499969672], "meaningless": [11.58896859997185, 8.212953199981712, 9.45564200001536, 7.062890800007153]}}