{"chinese": {"match": [5.22279669996351, 5.177608900004998, 6.078417000011541, 4.31599199998891], "opposite": [8.648398599994835, 9.780843299988192, 11.796255400055088, 11.673008600017056], "meaningless": [9.291849099972751, 8.328593100013677, 10.72880569996778, 10.52835130004678]}, "english": {"match": [6.752181800024118, 8.448479000013322, 7.294224800018128, 6.412718700012192], "opposite": [11.905122200027108, 9.058653099986259, 10.792394799995236, 8.401519900013227], "meaningless": [8.524463100009598, 8.154322799993679, 8.388525200018194, 7.939007400011178]}}