{"chinese": {"match": 5.198704, "opposite": 10.474626, "meaningless": 9.7194}, "english": {"match": 7.226901, "opposite": 10.039423, "meaningless": 8.25158}}