{"chinese": {"match": 5.281667, "opposite": 9.505372, "meaningless": 6.799651}, "english": {"match": 6.363226, "opposite": 7.990723, "meaningless": 6.815765}}