{"chinese": {"match": [5.642742900003213, 5.205543799966108, 5.447055600001477, 4.831326999992598], "opposite": [10.363324199977797, 8.928937299991958, 9.9113406999968, 8.81788729998516], "meaningless": [6.580021900008433, 6.785920800000895, 6.15292830002727, 7.6797329999972135]}, "english": {"match": [6.10054090002086, 5.969488199974876, 7.572798800014425, 5.810075399989728], "opposite": [10.163953400042374, 7.222816599998623, 8.03165150003042, 6.544470100023318], "meaningless": [6.905695199966431, 7.363114100007806, 7.050975100020878, 5.943274000019301]}}