{"chinese": {"match": [7.811316700011957, 7.116307999996934, 8.968966500018723, 8.792909600015264, 8.679172899981495, 7.392695399990771], "opposite": [12.222729600034654, 15.879459500021767, 14.464944199949969, 14.376730200019665, 16.475749899982475, 16.716934100026265], "meaningless": [12.813285900047049, 10.725353899993934, 15.817843299999367, 10.938547600002494, 9.623466000019107, 13.908596199995372]}, "english": {"match": [11.568345800042152, 11.977927600033581, 12.309310900047421, 11.95594680000795, 10.784028900030535, 11.809945500048343], "opposite": [11.04041389998747, 11.971350200008601, 13.864142499980517, 15.300036099972203, 12.540362100000493, 8.623207699973136], "meaningless": [11.321950000012293, 12.155534899968188, 9.576864400005434, 12.495828300016, 10.80985130002955, 12.395671000005677]}}