{"chinese": {"match": 8.126895, "opposite": 15.022758, "meaningless": 12.304515}, "english": {"match": 11.734251, "opposite": 12.223252, "meaningless": 11.459283}}