{"chinese": {"match": [4.7991830999962986, 4.25887610000791, 4.751669099961873, 4.247817499970552], "opposite": [11.717788000009023, 14.430741799995303, 11.53025599999819, 17.425748399982695], "meaningless": [9.172876600001473, 8.039531900023576, 8.947245499992277, 7.254186299978755]}, "english": {"match": [6.60106379998615, 7.797625800012611, 5.597821599978488, 6.908352300000843], "opposite": [7.834270999999717, 8.473502399981953, 9.51928410003893, 12.196731299976818], "meaningless": [8.137729500012938, 10.56219179998152, 6.213893199979793, 7.295586899970658]}}