{"chinese": {"match": 4.514386, "opposite": 13.776134, "meaningless": 8.35346}, "english": {"match": 6.726216, "opposite": 9.505947, "meaningless": 8.05235}}